sep=	
time (source1)	light
0	175
0.024	175
0.049	175
0.074	175
0.098	175
0.12	175
0.144	175
0.169	175
0.193	175
0.218	175
0.242	175
0.266	175
0.291	175
0.311	175
0.336	175
0.362	175
0.386	175
0.41	175
0.434	0
0.455	0
0.48	0
0.505	0
0.529	0
0.553	0
0.578	0
0.602	0
0.626	0
0.65	0
0.671	0
0.695	0
0.72	0
0.744	0
0.769	0
0.794	0
0.819	0
0.844	0
0.868	0
0.893	0
0.918	0
0.942	0
0.967	0
0.988	0
1.012	0
1.036	0
1.062	0
1.087	0
1.108	0
1.132	0
1.156	0
1.181	0
1.205	0
1.229	0
1.251	0
1.277	0
1.301	0
1.326	0
1.35	0
1.374	0
1.399	0
1.42	0
1.444	0
1.468	0
1.492	0
1.516	0
1.54	0
1.565	0
1.589	0
1.613	0
1.637	0
1.661	0
1.686	0
1.707	0
1.732	0
1.756	0
1.781	0
1.805	0
1.83	0
1.854	0
1.878	0
1.904	0
1.923	0
1.949	0
1.974	0
1.996	0
2.02	0
2.045	0
2.069	0
2.092	0
2.117	0
2.142	0
2.166	0
2.187	0
2.212	0
2.238	0
2.262	0
2.284	0
2.308	0
2.333	0
2.357	0
2.38	0
2.404	0
2.429	0
2.453	0
2.477	91
2.502	91
2.523	91
2.549	91
2.574	91
2.599	91
2.62	91
2.644	91
2.669	91
2.694	91
2.716	91
2.74	91
2.764	91
2.789	91
2.813	91
2.838	91
2.86	91
2.885	91
2.91	91
2.934	91
2.958	91
2.983	91
3.004	91
3.028	91
3.052	91
3.077	91
3.102	91
3.126	91
3.15	91
3.171	91
3.196	91
3.22	91
3.244	91
3.268	91
3.293	91
3.317	91
3.342	91
3.367	91
3.388	91
3.412	91
3.437	91
3.462	91
3.486	91
3.511	224
3.537	224
3.562	224
3.587	224
3.608	224
3.632	224
3.657	224
3.683	224
3.705	224
3.729	224
3.754	224
3.778	224
3.802	224
3.823	224
3.849	224
3.874	224
3.898	224
3.923	224
3.943	224
3.968	224
3.993	224
4.017	224
4.041	224
4.066	224
4.09	224
4.115	224
4.135	224
4.16	224
4.184	224
4.209	224
4.234	224
4.258	224
4.279	224
4.304	224
4.328	224
4.352	224
4.376	224
4.4	224
4.424	224
4.449	224
4.473	224
4.497	224
4.522	0
4.546	0
4.568	0
4.591	0
4.617	0
4.641	0
4.666	0
4.69	0
4.712	0
4.736	0
4.762	0
4.787	0
4.807	0
4.832	0
4.856	0
4.881	0
4.905	0
4.93	0
4.951	0
4.976	0
5.001	0
5.025	0
5.05	0
5.074	0
5.099	0
5.12	0
5.144	0
5.168	0
5.193	0
5.217	0
5.242	0
5.266	0
5.288	0
5.312	0
5.338	0
5.362	0
5.383	0
5.408	0
5.432	0
5.456	0
5.48	0
5.505	0
5.529	0
5.553	241
5.577	241
5.602	241
5.623	241
5.649	241
5.672	241
5.696	241
5.721	241
5.745	241
5.77	241
5.794	241
5.818	241
5.839	241
5.863	241
5.889	241
5.913	241
5.937	241
5.961	241
5.986	241
6.007	241
6.032	241
6.056	241
6.08	241
6.105	241
6.129	241
6.153	241
6.177	241
6.202	241
6.227	241
6.252	241
6.277	241
6.301	241
6.327	241
6.347	241
6.372	241
6.396	241
6.42	241
6.444	241
6.468	241
6.492	241
6.517	241
6.541	241
6.565	0
6.59	0
6.614	0
6.638	0
6.662	0
6.686	0
6.707	0
6.732	0
6.756	0
6.78	0
6.805	0
6.829	0
6.854	0
6.878	0
6.902	0
6.924	0
6.948	0
6.972	0
6.996	0
7.022	0
7.046	0
7.07	0
7.094	0
7.118	0
7.139	0
7.164	0
7.189	0
7.213	0
7.238	0
7.262	0
7.286	0
7.31	0
7.334	0
7.359	0
7.379	0
7.405	0
7.429	0
7.454	0
7.478	0
7.502	0
7.523	0
7.549	0
7.573	0
7.598	221
7.62	221
7.644	221
7.668	221
7.692	221
7.717	221
7.741	221
7.765	221
7.789	221
7.814	221
7.838	221
7.862	221
7.886	221
7.91	221
7.931	221
7.955	221
7.979	221
8.004	221
8.028	221
8.051	221
8.076	221
8.101	221
8.125	221
8.149	221
8.173	221
8.197	221
8.222	221
8.246	221
8.271	221
8.291	221
8.316	221
8.34	221
8.364	221
8.389	221
8.413	221
8.437	221
8.461	221
8.485	221
8.51	221
8.534	221
8.558	221
8.579	221
8.604	221
8.629	242
8.651	242
8.676	242
8.701	242
8.725	242
8.75	242
8.774	242
8.798	242
8.822	242
8.846	242
8.87	242
8.895	242
8.919	242
8.944	242
8.968	242
8.994	242
9.018	242
9.042	242
9.066	242
9.09	242
9.111	242
9.137	242
9.161	242
9.185	242
9.21	242
9.235	242
9.255	242
9.279	242
9.304	242
9.328	242
9.352	242
9.377	242
9.401	242
9.426	242
9.45	242
9.474	242
9.495	242
9.52	242
9.544	242
9.568	242
9.592	242
9.617	242
9.641	241
9.665	241
9.689	241
9.713	241
9.738	241
9.762	241
9.786	241
9.807	241
9.832	241
9.856	241
9.88	241
9.904	241
9.928	241
9.952	241
9.977	241
10.001	241
10.025	241
10.05	241
10.074	241
10.099	241
10.119	241
10.144	241
10.171	241
10.191	241
10.216	241
10.24	241
10.264	241
10.288	241
10.312	241
10.338	241
10.362	241
10.386	241
10.407	241
10.432	241
10.456	241
10.48	241
10.505	241
10.529	241
10.553	241
10.577	241
10.602	241
10.626	241
10.65	241
10.674	240
10.695	240
10.719	240
10.743	240
10.767	240
10.791	240
10.816	240
10.84	240
10.864	240
10.888	240
10.912	240
10.937	240
10.961	240
10.985	240
11.009	240
11.033	240
11.057	240
11.081	240
11.105	240
11.129	240
11.154	240
11.175	240
11.199	240
11.224	240
11.249	240
11.274	240
11.298	240
11.323	240
11.343	240
11.368	240
11.393	240
11.417	240
11.439	240
11.463	240
11.489	240
11.513	240
11.539	240
11.563	240
11.589	240
11.613	240
11.637	240
11.662	240
11.686	240
11.707	240
11.732	240
11.756	240
11.78	240
11.804	240
11.829	240
11.853	240
11.877	240
11.902	240
11.926	240
11.95	240
11.974	240
11.995	240
12.022	240
12.046	240
12.071	240
12.091	240
12.118	240
12.143	240
12.163	240
12.189	240
12.213	240
12.237	240
12.261	240
12.286	240
12.307	240
12.331	240
12.356	240
12.38	240
12.404	240
12.428	240
12.452	240
12.476	240
12.501	240
12.525	240
12.55	240
12.574	240
12.598	240
12.622	240
12.646	240
12.671	240
12.694	240
12.718	238
12.745	238
12.763	238
12.788	238
12.811	238
12.836	238
12.86	238
12.884	238
12.908	238
12.932	238
12.956	238
12.98	238
13.004	238
13.029	238
13.053	238
13.077	238
13.101	238
13.125	238
13.15	238
13.174	238
13.198	238
13.222	238
13.246	238
13.268	238
13.292	238
13.316	238
13.34	238
13.364	238
13.388	238
13.412	238
13.437	238
13.461	238
13.485	238
13.51	238
13.534	238
13.558	238
13.582	238
13.606	238
13.63	238
13.651	238
13.676	238
13.7	238
13.724	238
13.749	228
13.773	228
13.798	228
13.822	228
13.846	228
13.87	228
13.894	228
13.918	228
13.939	228
13.963	228
13.989	228
14.012	228
14.037	228
14.061	228
14.085	228
14.11	228
14.135	228
14.16	228
14.184	228
14.209	228
14.233	228
14.257	228
14.281	228
14.305	228
14.329	228
14.351	228
14.377	228
14.401	228
14.425	228
14.449	228
14.473	228
14.497	228
14.522	228
14.546	228
14.571	228
14.591	228
14.616	228
14.639	228
14.663	228
14.688	228
14.712	228
14.736	228
14.761	222
14.785	222
14.81	222
14.831	222
14.855	222
14.879	222
14.904	222
14.928	222
14.952	222
14.976	222
15	222
15.024	222
15.049	222
15.074	222
15.095	222
15.12	222
15.144	222
15.168	222
15.194	222
15.217	222
15.242	222
15.266	222
15.29	222
15.314	222
15.337	222
15.361	222
15.385	222
15.41	222
15.433	222
15.457	222
15.482	222
15.506	222
15.527	222
15.552	222
15.576	222
15.6	222
15.624	222
15.649	222
15.673	222
15.697	222
15.721	222
15.745	222
15.771	222
15.791	200
15.816	200
15.84	200
15.864	200
15.888	200
15.912	200
15.937	200
15.961	200
15.985	200
16.01	200
16.034	200
16.055	200
16.079	200
16.104	200
16.127	200
16.151	200
16.175	200
16.199	200
16.223	200
16.249	200
16.273	200
16.297	200
16.322	200
16.346	200
16.37	200
16.394	200
16.418	200
16.439	200
16.463	200
16.488	200
16.512	200
16.536	200
16.561	200
16.585	200
16.61	200
16.634	200
16.657	200
16.679	200
16.704	200
16.728	200
16.754	200
16.779	200
16.804	247
16.828	247
16.852	247
16.876	247
16.9	247
16.924	247
16.949	247
16.973	247
16.996	247
17.021	247
17.045	247
17.071	247
17.091	247
17.116	247
17.139	247
17.163	247
17.188	247
17.211	247
17.237	247
17.261	247
17.285	247
17.31	247
17.334	247
17.357	247
17.382	247
17.405	247
17.429	247
17.453	247
17.477	247
17.501	247
17.525	247
17.549	247
17.573	247
17.597	247
17.622	247
17.645	247
17.67	247
17.694	247
17.718	247
17.739	247
17.763	247
17.788	247
17.812	247
17.837	0
17.861	0
17.885	0
17.909	0
17.933	0
17.957	0
17.979	0
18.004	0
18.028	0
18.052	0
18.077	0
18.1	0
18.124	0
18.149	0
18.173	0
18.198	0
18.221	0
18.245	0
18.27	0
18.294	0
18.318	0
18.339	0
18.363	0
18.39	0
18.411	0
18.436	0
18.46	0
18.484	0
18.509	0
18.533	0
18.557	0
18.582	0
18.606	0
18.627	0
18.651	0
18.676	0
18.7	0
18.724	0
18.748	0
18.772	0
18.796	0
18.821	0
18.843	0
18.867	19
18.891	19
18.916	19
18.94	19
18.964	19
18.988	19
19.012	19
19.037	19
19.061	19
19.085	19
19.11	19
19.134	19
19.158	19
19.192	19
19.204	19
19.228	19
19.252	19
19.277	19
19.301	19
19.326	19
19.349	19
19.374	19
19.398	19
19.422	19
19.447	19
19.471	19
19.495	19
19.519	19
19.543	19
19.567	19
19.591	19
19.616	19
19.64	19
19.664	19
19.688	19
19.712	19
19.736	19
19.76	19
19.784	19
19.809	19
19.833	19
19.857	19
19.88	244
19.904	244
19.929	244
19.953	244
19.977	244
20.001	244
20.025	244
20.049	244
20.073	244
20.096	244
20.122	244
20.146	244
20.17	244
20.191	244
20.216	244
20.24	244
20.264	244
20.288	244
20.312	244
20.337	244
20.36	244
20.384	244
20.409	244
20.433	244
20.457	244
20.48	244
20.504	244
20.528	244
20.552	244
20.577	244
20.601	244
20.625	244
20.649	244
20.673	244
20.697	244
20.721	244
20.745	244
20.77	244
20.793	244
20.817	244
20.839	244
20.863	244
20.888	244
20.912	249
20.937	249
20.961	249
20.985	249
21.009	249
21.033	249
21.057	249
21.079	249
21.104	249
21.128	249
21.153	249
21.177	249
21.201	249
21.225	249
21.249	249
21.273	249
21.295	249
21.32	249
21.344	249
21.368	249
21.393	249
21.417	249
21.441	249
21.466	249
21.49	249
21.514	249
21.538	249
21.562	249
21.587	249
21.607	249
21.632	249
21.656	249
21.681	249
21.704	249
21.728	249
21.753	249
21.777	249
21.801	249
21.826	249
21.847	249
21.872	249
21.896	249
21.92	249
21.944	251
21.968	251
21.993	251
22.018	251
22.043	251
22.067	251
22.092	251
22.117	251
22.14	251
22.165	251
22.189	251
22.213	251
22.237	251
22.261	251
22.285	251
22.307	251
22.332	251
22.356	251
22.38	251
22.405	251
22.429	251
22.453	251
22.476	251
22.501	251
22.524	251
22.549	251
22.572	251
22.596	251
22.622	251
22.646	251
22.67	251
22.694	251
22.718	251
22.739	251
22.763	251
22.787	251
22.811	251
22.837	251
22.861	251
22.885	251
22.91	251
22.933	251
22.957	249
22.982	249
23.006	249
23.03	249
23.054	249
23.078	249
23.103	249
23.123	249
23.148	249
23.172	249
23.196	249
23.221	249
23.245	249
23.27	249
23.294	249
23.318	249
23.339	249
23.363	249
23.388	249
23.412	249
23.437	249
23.461	249
23.485	249
23.509	249
23.533	249
23.557	249
23.582	249
23.606	249
23.63	249
23.654	249
23.678	249
23.703	249
23.723	249
23.748	249
23.772	249
23.796	249
23.82	249
23.843	249
23.867	249
23.891	249
23.915	249
23.939	249
23.964	249
23.987	125
24.011	125
24.036	125
24.06	125
24.084	125
24.108	125
24.132	125
24.156	125
24.18	125
24.204	125
24.228	125
24.251	125
24.276	125
24.3	125
24.324	125
24.349	125
24.373	125
24.397	125
24.421	125
24.445	125
24.47	125
24.493	125
24.517	125
24.542	125
24.563	125
24.587	125
24.611	125
24.636	125
24.661	125
24.687	125
24.711	125
24.736	125
24.76	125
24.784	125
24.809	125
24.833	125
24.857	125
24.882	125
24.906	125
24.93	125
24.951	125
24.976	125
25	238
25.024	238
25.049	238
25.072	238
25.096	238
25.122	238
25.146	238
25.17	238
25.194	238
25.217	238
25.242	238
25.266	238
25.29	238
25.314	238
25.338	238
25.362	238
25.386	238
25.41	238
25.434	238
25.458	238
25.482	238
25.506	238
25.527	238
25.551	238
25.575	238
25.6	238
25.624	238
25.649	238
25.672	238
25.696	238
25.72	238
25.744	238
25.769	238
25.793	238
25.817	238
25.842	238
25.866	238
25.89	238
25.911	238
25.936	238
25.96	238
25.984	238
26.009	238
26.033	244
26.056	244
26.082	244
26.106	244
26.13	244
26.154	244
26.178	244
26.203	244
26.223	244
26.247	244
26.271	244
26.296	244
26.32	244
26.344	244
26.368	244
26.391	244
26.416	244
26.44	244
26.473	244
26.487	244
26.511	244
26.536	244
26.56	244
26.584	244
26.609	244
26.633	244
26.657	244
26.679	244
26.704	244
26.728	244
26.752	244
26.776	244
26.8	244
26.824	244
26.849	244
26.873	244
26.897	244
26.921	244
26.945	244
26.97	244
26.993	244
27.018	244
27.043	244
27.063	244
27.088	244
27.112	244
27.136	244
27.16	244
27.184	244
27.209	244
27.232	244
27.257	244
27.283	244
27.307	244
27.331	244
27.355	244
27.379	244
27.404	244
27.428	244
27.452	244
27.476	244
27.501	244
27.525	244
27.549	244
27.573	244
27.596	244
27.62	244
27.644	244
27.668	244
27.693	244
27.717	244
27.741	244
27.765	244
27.79	244
27.811	244
27.836	244
27.86	244
27.883	244
27.907	244
27.931	244
27.955	244
27.979	244
28.003	244
28.027	244
28.051	244
28.076	238
28.1	238
28.124	238
28.148	238
28.173	238
28.197	238
28.221	238
28.245	238
28.269	238
28.293	238
28.317	238
28.342	238
28.366	238
28.39	238
28.411	238
28.436	238
28.46	238
28.484	238
28.508	238
28.532	238
28.555	238
28.579	238
28.603	238
28.627	238
28.651	238
28.676	238
28.7	238
28.724	238
28.748	238
28.772	238
28.796	238
28.82	238
28.844	238
28.868	238
28.893	238
28.917	238
28.94	238
28.965	238
28.989	238
29.013	238
29.037	238
29.061	238
29.085	238
29.109	227
29.133	227
29.157	227
29.181	227
29.205	227
29.229	227
29.254	227
29.278	227
29.302	227
29.323	227
29.348	227
29.372	227
29.396	227
29.421	227
29.445	227
29.47	227
29.493	227
29.517	227
29.539	227
29.563	227
29.587	227
29.611	227
29.635	227
29.659	227
29.683	227
29.707	227
29.731	227
29.755	227
29.779	227
29.803	227
29.827	227
29.851	227
29.876	227
29.901	227
29.927	227
29.951	227
29.976	227
30	227
30.024	227
30.048	227
30.073	227
30.096	227
30.121	241
30.144	241
30.168	241
30.194	241
30.218	241
30.242	241
30.263	241
30.288	241
30.312	241
30.337	241
30.361	241
30.384	241
30.408	241
30.432	241
30.456	241
30.48	241
30.504	241
30.528	241
30.553	241
30.577	241
30.601	241
30.625	241
30.649	241
30.673	241
30.697	241
30.721	241
30.745	241
30.769	241
30.793	241
30.817	241
30.843	241
30.863	241
30.887	241
30.911	241
30.935	241
30.96	241
30.984	241
31.008	241
31.032	241
31.056	241
31.08	241
31.104	241
31.128	241
31.153	237
31.176	237
31.2	237
31.225	237
31.249	237
31.272	237
31.296	237
31.321	237
31.343	237
31.367	237
31.391	237
31.415	237
31.439	237
31.463	237
31.488	237
31.512	237
31.536	237
31.559	237
31.583	237
31.607	237
31.631	237
31.655	237
31.679	237
31.703	237
31.728	237
31.752	237
31.776	237
31.8	237
31.824	237
31.848	237
31.872	237
31.896	237
31.921	237
31.945	237
31.969	237
31.993	237
32.017	237
32.042	237
32.063	237
32.088	237
32.111	237
32.135	237
32.16	237
32.184	202
32.209	202
32.233	202
32.257	202
32.281	202
32.305	202
32.329	202
32.354	202
32.378	202
32.402	202
32.426	202
32.45	202
32.474	202
32.498	202
32.523	202
32.548	202
32.572	202
32.596	202
32.621	202
32.645	202
32.669	202
32.693	202
32.717	202
32.742	202
32.766	202
32.79	202
32.811	202
32.836	202
32.86	202
32.884	202
32.909	202
32.933	202
32.957	202
32.982	202
33.006	202
33.03	202
33.054	202
33.078	202
33.103	202
33.123	202
33.148	202
33.172	202
33.197	229
33.221	229
33.245	229
33.27	229
33.293	229
33.317	229
33.339	229
33.363	229
33.388	229
33.412	229
33.437	229
33.46	229
33.484	229
33.509	229
33.532	229
33.557	229
33.581	229
33.605	229
33.629	229
33.653	229
33.677	229
33.701	229
33.725	229
33.749	229
33.773	229
33.797	229
33.821	229
33.845	229
33.87	229
33.894	229
33.918	229
33.939	229
33.963	229
33.987	229
34.011	229
34.035	229
34.059	229
34.083	229
34.109	229
34.132	229
34.156	229
34.181	229
34.205	229
34.229	229
34.253	229
34.277	229
34.301	229
34.326	229
34.35	229
34.374	229
34.398	229
34.422	229
34.446	229
34.47	229
34.494	229
34.518	229
34.539	229
34.563	229
34.587	229
34.611	229
34.635	229
34.659	229
34.683	229
34.707	229
34.731	229
34.755	229
34.779	229
34.803	229
34.827	229
34.852	229
34.878	229
34.899	229
34.923	229
34.948	229
34.972	229
34.996	229
35.02	229
35.044	229
35.07	229
35.094	229
35.118	229
35.142	229
35.167	229
35.191	229
35.215	229
35.239	219
35.264	219
35.288	219
35.312	219
35.336	219
35.36	219
35.384	219
35.408	219
35.432	219
35.456	219
35.479	219
35.503	219
35.527	219
35.551	219
35.575	219
35.599	219
35.623	219
35.647	219
35.671	219
35.695	219
35.72	219
35.744	219
35.769	219
35.793	219
35.817	219
35.841	219
35.865	219
35.889	219
35.913	219
35.937	219
35.962	219
35.986	219
36.009	219
36.033	219
36.058	219
36.082	219
36.106	219
36.13	219
36.154	219
36.178	219
36.199	219
36.223	219
36.247	219
36.271	214
36.295	214
36.32	214
36.344	214
36.368	214
36.391	214
36.415	214
36.439	214
36.464	214
36.488	214
36.512	214
36.536	214
36.56	214
36.584	214
36.609	214
36.633	214
36.657	214
36.681	214
36.705	214
36.729	214
36.752	214
36.776	214
36.8	214
36.824	214
36.848	214
36.872	214
36.896	214
36.92	214
36.944	214
36.969	214
36.993	214
37.017	214
37.042	214
37.065	214
37.089	214
37.113	214
37.137	214
37.161	214
37.185	214
37.209	214
37.233	214
37.257	214
37.281	214
37.305	211
37.329	211
37.354	211
37.377	211
37.401	211
37.426	211
37.45	211
37.474	211
37.498	211
37.521	211
37.545	211
37.57	211
37.594	211
37.618	211
37.642	211
37.663	211
37.688	211
37.712	211
37.737	211
37.763	211
37.787	211
37.811	211
37.835	211
37.859	211
37.883	211
37.907	211
37.931	211
37.955	211
37.979	211
38.003	211
38.027	211
38.051	211
38.076	211
38.1	211
38.124	211
38.148	211
38.172	211
38.197	211
38.221	211
38.245	211
38.269	211
38.293	211
38.317	208
38.342	208
38.365	208
38.389	208
38.413	208
38.437	208
38.461	208
38.484	208
38.509	208
38.532	208
38.556	208
38.581	208
38.605	208
38.629	208
38.653	208
38.677	208
38.701	208
38.724	208
38.748	208
38.772	208
38.796	208
38.82	208
38.844	208
38.869	208
38.892	208
38.917	208
38.942	208
38.965	208
38.989	208
39.011	208
39.036	208
39.06	208
39.085	208
39.109	208
39.133	208
39.158	208
39.181	208
39.205	208
39.227	208
39.252	208
39.276	208
39.3	208
39.325	208
39.349	208
39.372	208
39.396	208
39.421	208
39.445	208
39.47	208
39.493	208
39.517	208
39.539	208
39.564	208
39.588	208
39.612	208
39.635	208
39.659	208
39.683	208
39.708	208
39.732	208
39.755	208
39.78	208
39.804	208
39.828	208
39.852	208
39.876	208
39.9	208
39.924	208
39.948	208
39.972	208
39.996	208
40.019	208
40.043	208
40.067	208
40.091	208
40.115	208
40.14	208
40.164	208
40.188	208
40.212	208
40.236	208
40.26	208
40.283	208
40.307	208
40.331	208
40.355	214
40.381	214
40.407	214
40.431	214
40.455	214
40.479	214
40.503	214
40.527	214
40.551	214
40.575	214
40.599	214
40.623	214
40.648	214
40.672	214
40.696	214
40.721	214
40.745	214
40.769	214
40.793	214
40.817	214
40.841	214
40.865	214
40.889	214
40.911	214
40.935	214
40.959	214
40.983	214
41.008	214
41.032	214
41.055	214
41.08	214
41.103	214
41.127	214
41.151	214
41.175	214
41.199	214
41.224	214
41.249	214
41.273	214
41.297	214
41.321	214
41.345	214
41.369	214
41.393	214
41.417	214
41.442	214
41.466	214
41.49	214
41.514	214
41.538	214
41.561	214
41.583	214
41.608	214
41.632	214
41.656	214
41.68	214
41.704	214
41.728	214
41.753	214
41.777	214
41.801	214
41.826	214
41.85	214
41.875	214
41.895	214
41.92	214
41.943	214
41.968	214
41.993	214
42.017	214
42.039	214
42.064	214
42.088	214
42.112	214
42.137	214
42.16	214
42.185	214
42.21	214
42.235	214
42.255	214
42.279	214
42.303	214
42.327	214
42.352	214
42.376	214
42.4	214
42.424	214
42.448	214
42.471	214
42.495	214
42.52	214
42.544	214
42.568	214
42.592	214
42.616	214
42.64	214
42.664	214
42.688	214
42.712	214
42.736	214
42.76	214
42.784	214
42.809	214
42.833	214
42.858	214
42.882	214
42.906	214
42.927	214
42.952	214
42.976	214
42.999	214
43.025	214
43.052	214
43.076	214
43.099	214
43.123	214
43.147	214
43.171	214
43.195	214
43.219	214
43.243	214
43.267	214
43.292	214
43.316	214
43.34	214
43.365	214
43.389	214
43.413	214
43.437	237
43.461	237
43.485	237
43.509	237
43.533	237
43.557	237
43.58	237
43.604	237
43.628	237
43.653	237
43.676	237
43.7	237
43.725	237
43.749	237
43.773	237
43.798	237
43.821	237
43.845	237
43.867	237
43.892	237
43.916	237
43.94	237
43.964	237
43.987	237
44.011	237
44.035	237
44.059	237
44.083	237
44.107	237
44.131	237
44.155	237
44.179	237
44.203	237
44.227	237
44.252	237
44.276	237
44.3	237
44.325	237
44.349	237
44.373	237
44.397	237
44.421	237
44.445	237
44.47	240
44.493	240
44.517	240
44.539	240
44.564	240
44.587	240
44.611	240
44.636	240
44.66	240
44.684	240
44.709	240
44.733	240
44.758	240
44.782	240
44.805	240
44.829	240
44.853	240
44.877	240
44.901	240
44.925	240
44.949	240
44.973	240
44.998	240
45.022	240
45.043	240
45.067	240
45.091	240
45.115	240
45.139	240
45.164	240
45.188	240
45.211	240
45.237	240
45.26	240
45.284	240
45.307	240
45.331	240
45.355	240
45.379	240
45.403	240
45.427	240
45.452	240
45.476	239
45.5	239
45.524	239
45.548	239
45.573	239
45.597	239
45.621	239
45.647	239
45.671	239
45.695	239
45.72	239
45.744	239
45.767	239
45.792	239
45.816	239
45.841	239
45.865	239
45.889	239
45.911	239
45.935	239
45.959	239
45.983	239
46.008	239
46.032	239
46.056	239
46.08	239
46.104	239
46.128	239
46.153	239
46.177	239
46.202	239
46.223	239
46.247	239
46.271	239
46.295	239
46.32	239
46.344	239
46.369	239
46.392	239
46.416	239
46.441	239
46.465	239
46.489	239
46.514	240
46.538	240
46.562	240
46.583	240
46.608	240
46.632	240
46.655	240
46.679	240
46.704	240
46.727	240
46.751	240
46.775	240
46.799	240
46.823	240
46.848	240
46.872	240
46.896	240
46.92	240
46.944	240
46.969	240
46.993	240
47.017	240
47.042	240
47.066	240
47.089	240
47.111	240
47.135	240
47.159	240
47.183	240
47.208	240
47.232	240
47.256	240
47.281	240
47.304	240
47.328	240
47.353	240
47.377	240
47.401	240
47.426	240
47.449	240
47.471	240
47.495	240
47.52	240
47.544	238
47.568	238
47.593	238
47.617	238
47.641	238
47.665	238
47.689	238
47.714	238
47.737	238
47.761	238
47.783	238
47.809	238
47.832	238
47.856	238
47.881	238
47.906	238
47.93	238
47.954	238
47.977	238
48.002	238
48.023	238
48.047	238
48.071	238
48.095	238
48.12	238
48.143	238
48.168	238
48.192	238
48.216	238
48.24	238
48.265	238
48.291	238
48.315	238
48.339	238
48.363	238
48.387	238
48.411	238
48.435	238
48.459	238
48.483	238
48.508	238
48.532	238
48.555	241
48.581	241
48.605	241
48.629	241
48.653	241
48.677	241
48.702	241
48.726	241
48.75	241
48.774	241
48.795	241
48.819	241
48.843	241
48.867	241
48.893	241
48.915	241
48.939	241
48.963	241
48.987	241
49.011	241
49.035	241
49.059	241
49.083	241
49.108	241
49.132	241
49.156	241
49.18	241
49.204	241
49.228	241
49.253	241
49.277	241
49.302	241
49.325	241
49.349	241
49.374	241
49.395	241
49.42	241
49.444	241
49.468	241
49.492	241
49.516	241
49.54	241
49.564	241
49.587	242
49.611	242
49.636	242
49.66	242
49.684	242
49.709	242
49.733	242
49.757	242
49.781	242
49.805	242
49.828	242
49.853	242
49.877	242
49.901	242
49.925	242
49.949	242
49.974	242
49.995	242
50.02	242
50.044	242
50.069	242
50.093	242
50.116	242
50.141	242
50.165	242
50.189	242
50.211	242
50.235	242
50.259	242
50.283	242
50.308	242
50.332	242
50.356	242
50.381	242
50.404	242
50.428	242
50.453	242
50.478	242
50.503	242
50.523	242
50.548	242
50.572	242
50.596	243
50.62	243
50.643	243
50.668	243
50.692	243
50.716	243
50.74	243
50.764	243
50.788	243
50.812	243
50.837	243
50.861	243
50.887	243
50.911	243
50.935	243
50.959	243
50.983	243
51.007	243
51.031	243
51.055	243
51.079	243
51.103	243
51.127	243
51.151	243
51.175	243
51.199	243
51.223	243
51.248	243
51.272	243
51.296	243
51.32	243
51.343	243
51.367	243
51.392	243
51.416	243
51.44	243
51.464	243
51.487	243
51.511	243
51.536	243
51.559	243
51.583	243
51.608	243
51.631	240
51.655	240
51.681	240
51.704	240
51.729	240
51.753	240
51.777	240
51.802	240
51.825	240
51.849	240
51.874	240
51.897	240
51.921	240
51.945	240
51.969	240
51.993	240
52.017	240
52.041	240
52.065	240
52.088	240
52.112	240
52.136	240
52.16	240
52.183	240
52.208	240
52.232	240
52.257	240
52.281	240
52.304	240
52.328	240
52.353	240
52.377	240
52.401	240
52.425	240
52.449	240
52.471	240
52.495	240
52.52	240
52.543	240
52.567	240
52.592	240
52.616	240
52.641	240
52.665	242
52.688	242
52.712	242
52.736	242
52.761	242
52.785	242
52.809	242
52.833	242
52.857	242
52.881	242
52.905	242
52.929	242
52.953	242
52.977	242
53.001	242
53.023	242
53.047	242
53.071	242
53.095	242
53.12	242
53.143	242
53.168	242
53.192	242
53.216	242
53.24	242
53.263	242
53.287	242
53.311	242
53.335	242
53.359	242
53.383	242
53.408	242
53.432	242
53.456	242
53.48	242
53.505	242
53.531	242
53.555	242
53.58	242
53.604	242
53.628	242
53.653	242
53.677	244
53.701	244
53.723	244
53.748	244
53.771	244
53.796	244
53.819	244
53.843	244
53.867	244
53.892	244
53.916	244
53.94	244
53.964	244
53.988	244
54.012	244
54.037	244
54.061	244
54.083	244
54.107	244
54.131	244
54.155	244
54.18	244
54.204	244
54.228	244
54.253	244
54.277	244
54.302	244
54.323	244
54.347	244
54.371	244
54.395	244
54.42	244
54.443	244
54.467	244
54.492	244
54.518	244
54.542	244
54.565	244
54.589	244
54.611	244
54.635	244
54.659	244
54.683	244
54.707	251
54.731	251
54.755	251
54.779	251
54.803	251
54.827	251
54.852	251
54.876	251
54.9	251
54.924	251
54.948	251
54.972	251
54.997	251
55.021	251
55.045	251
55.07	251
55.093	251
55.117	251
55.139	251
55.163	251
55.187	251
55.211	251
55.236	251
55.26	251
55.284	251
55.308	251
55.332	251
55.356	251
55.381	251
55.404	251
55.428	251
55.453	251
55.477	251
55.5	251
55.525	251
55.549	251
55.574	251
55.595	251
55.62	251
55.643	251
55.668	251
55.692	251
55.717	251
55.741	251
55.765	251
55.787	251
55.811	251
55.835	251
55.859	251
55.883	251
55.907	251
55.931	251
55.955	251
55.98	251
56.004	251
56.028	251
56.053	251
56.077	251
56.102	251
56.127	251
56.151	251
56.175	251
56.199	251
56.224	251
56.248	251
56.271	251
56.295	251
56.319	251
56.343	251
56.367	251
56.391	251
56.415	251
56.439	251
56.463	251
56.487	251
56.511	251
56.535	251
56.559	251
56.583	251
56.608	251
56.632	251
56.655	251
56.681	251
56.705	251
56.729	251
56.753	251
56.777	251
56.802	251
56.825	251
56.849	251
56.873	251
56.897	251
56.92	251
56.945	251
56.969	251
56.993	251
57.017	251
57.041	251
57.064	251
57.088	251
57.113	251
57.136	251
57.16	251
57.184	251
57.208	251
57.231	251
57.255	251
57.279	251
57.303	251
57.327	251
57.351	251
57.375	251
57.399	251
57.423	251
57.447	251
57.471	251
57.495	251
57.519	251
57.543	251
57.568	251
57.592	251
57.616	251
57.64	251
57.664	251
57.688	251
57.712	251
57.736	251
57.76	251
57.784	251
57.808	251
57.831	251
57.855	251
57.88	251
57.904	251
57.928	251
57.953	251
57.977	251
58.002	251
58.025	251
58.049	251
58.073	251
58.097	251
58.121	251
58.145	251
58.169	251
58.193	251
58.217	251
58.241	251
58.265	251
58.289	251
58.314	251
58.338	251
58.362	251
58.383	251
58.408	251
58.431	251
58.455	251
58.48	251
58.504	251
58.528	251
58.553	251
58.578	251
58.599	251
58.623	251
58.647	251
58.671	251
58.695	251
58.72	251
58.745	251
58.771	251
58.795	251
58.82	251
58.843	251
58.868	251
58.892	251
58.915	251
58.939	251
58.963	251
58.987	251
59.011	251
59.035	251
59.059	251
59.083	251
59.108	251
59.132	251
59.155	251
59.18	251
59.204	251
59.228	251
59.253	251
59.276	251
59.3	251
59.326	251
59.349	251
59.371	251
59.395	251
59.42	251
59.443	251
59.468	251
59.492	251
59.516	251
59.54	251
59.564	251
59.588	251
59.611	251
59.635	251
59.659	251
59.683	251
59.708	251
59.731	251
59.755	251
59.78	251
59.803	251
59.827	251
59.851	251
59.875	251
59.899	251
59.923	251
59.947	251
59.971	251
59.995	251
60.02	251
60.044	251
60.067	251
60.093	251
60.116	251
60.141	251
60.166	251
60.19	251
60.211	251
60.236	251
60.26	251
60.283	251
60.309	251
60.333	251
60.357	251
60.381	251
60.405	251
60.427	251
60.451	251
60.476	251
60.499	251
60.524	251
60.547	251
60.571	251
60.595	251
60.619	251
60.643	251
60.667	251
60.691	251
60.715	251
60.739	251
60.764	251
60.788	251
60.813	251
60.837	251
60.86	251
60.885	251
60.909	251
60.933	251
60.958	251
60.981	251
61.005	251
61.027	251
61.051	251
61.075	251
61.099	251
61.125	251
61.149	251
61.173	251
61.197	251
61.221	251
61.245	251
61.27	251
61.293	251
61.318	251
61.343	251
61.367	251
61.391	251
61.415	251
61.439	251
61.463	251
61.487	251
61.511	251
61.535	251
61.559	251
61.583	251
61.607	251
61.631	251
61.655	251
61.679	251
61.703	251
61.727	251
61.751	251
61.775	251
61.799	251
61.823	251
61.847	251
61.871	251
61.895	251
61.919	251
61.943	251
61.967	251
61.992	251
62.015	251
62.039	251
62.063	251
62.087	251
62.111	251
62.136	251
62.16	251
62.184	251
62.209	251
62.232	251
62.257	251
62.281	251
62.305	251
62.327	251
62.351	251
62.375	251
62.399	251
62.423	251
62.447	251
62.471	251
62.496	251
62.52	251
62.544	251
62.568	251
62.591	251
62.615	251
62.639	251
62.663	251
62.687	251
62.711	251
62.736	251
62.76	251
62.784	251
62.808	251
62.832	251
62.856	251
62.88	251
62.904	251
62.927	251
62.952	251
62.976	251
63.003	251
63.023	251
63.047	251
63.071	251
63.095	251
63.119	251
63.143	251
63.167	251
63.192	251
63.216	251
63.24	251
63.264	251
63.288	251
63.313	251
63.337	251
63.362	251
63.383	251
63.408	251
63.432	251
63.456	251
63.48	251
63.504	251
63.528	251
63.553	251
63.577	251
63.6	251
63.623	251
63.647	251
63.671	251
63.696	251
63.72	251
63.743	251
63.768	251
63.792	251
63.816	251
63.841	251
63.865	251
63.889	251
63.913	251
63.937	251
63.961	251
63.987	251
64.011	251
64.036	251
64.06	251
64.084	251
64.108	251
64.132	251
64.156	251
64.181	251
64.204	251
64.228	251
64.252	251
64.276	251
64.301	251
64.325	251
64.349	251
64.373	251
64.397	251
64.421	251
64.445	251
64.47	251
64.491	251
64.515	251
64.541	251
64.565	251
64.589	251
64.611	251
64.635	251
64.659	251
64.683	251
64.709	251
64.733	251
64.757	251
64.781	251
64.805	251
64.828	251
64.853	251
64.876	251
64.901	251
64.925	251
64.949	251
64.974	251
64.997	251
65.021	251
65.045	251
65.069	251
65.093	251
65.116	251
65.141	251
65.163	251
65.186	251
65.211	251
65.236	251
65.259	251
65.284	251
65.308	251
65.333	251
65.356	251
65.381	251
65.405	251
78.359	154
78.384	154
78.408	154
78.432	154
78.456	154
78.48	154
78.504	154
78.529	154
78.553	154
78.576	154
78.602	154
78.623	154
78.647	154
78.671	154
78.696	154
78.72	154
78.743	154
78.767	154
78.791	154
78.815	154
78.839	154
78.863	154
78.887	154
78.912	154
78.936	154
78.96	154
78.985	154
79.009	154
79.034	154
79.054	154
79.08	154
79.104	154
79.127	154
79.152	154
79.176	154
79.201	154
79.225	154
79.249	154
79.273	131
79.297	131
79.321	131
79.342	131
79.367	131
79.392	131
79.415	131
79.44	131
79.464	131
79.488	131
79.513	131
79.536	131
79.56	131
79.586	131
79.609	131
79.633	131
79.657	131
79.681	131
79.705	131
79.729	131
79.753	131
79.774	131
79.798	131
79.823	131
79.846	131
79.87	131
79.895	131
79.919	131
79.943	131
79.968	131
79.992	131
80.015	131
80.041	131
80.067	131
80.091	131
80.115	131
80.139	131
80.163	131
80.187	131
80.21	131
80.235	131
80.258	131
80.282	131
80.307	169
80.331	169
80.355	169
80.38	169
80.404	169
80.429	169
80.453	169
80.477	169
80.499	169
80.523	169
80.546	169
80.57	169
80.594	169
80.619	169
80.643	169
80.667	169
80.691	169
80.715	169
80.74	169
80.764	169
80.787	169
80.812	169
80.836	169
80.86	169
80.884	169
80.908	169
80.931	169
80.955	169
80.98	169
81.004	169
81.029	169
81.053	169
81.077	169
81.101	169
81.125	169
81.148	169
81.173	169
81.196	169
81.22	169
81.245	169
81.268	169
81.292	169
81.316	0
81.341	0
81.364	0
81.389	0
81.413	0
81.437	0
81.458	0
81.483	0
81.507	0
81.531	0
81.555	0
81.58	0
81.605	0
81.629	0
81.653	0
81.677	0
81.702	0
81.725	0
81.75	0
81.77	0
81.795	0
81.819	0
81.842	0
81.867	0
81.891	0
81.915	0
81.939	0
81.963	0
81.987	0
82.011	0
82.036	0
82.059	0
82.084	0
82.108	0
82.132	0
82.156	0
82.18	0
82.204	0
82.227	0
82.252	0
82.275	0
82.299	0
82.324	0
82.348	0
82.372	0
82.396	0
82.42	0
82.443	0
82.468	0
82.492	0
82.516	0
82.54	0
82.564	0
82.588	0
82.613	0
82.637	0
82.661	0
82.685	0
82.709	0
82.733	0
82.759	0
82.783	0
82.807	0
82.831	0
82.855	0
82.88	0
82.903	0
82.927	0
82.952	0
82.975	0
82.999	0
83.024	0
83.048	0
83.073	0
83.096	0
83.12	0
83.144	0
83.168	0
83.192	0
83.216	0
83.241	0
83.264	0
83.288	0
83.313	0
83.336	0
83.36	0
83.385	0
83.409	0
83.433	0
83.457	0
83.48	0
83.505	0
83.529	0
83.55	0
83.575	0
83.598	0
83.622	0
83.646	0
83.67	0
83.695	0
83.719	0
83.743	0
83.767	0
83.791	0
83.815	0
83.839	0
83.863	0
83.887	0
83.91	0
83.934	0
83.959	0
83.983	0
84.007	0
84.031	0
84.055	0
84.079	0
84.103	0
84.127	0
84.152	0
84.175	0
84.201	0
84.224	0
84.248	0
84.272	0
84.296	0
84.32	0
84.345	0
84.369	0
84.393	33
84.417	33
84.441	33
84.465	33
84.488	33
84.513	33
84.538	33
84.558	33
84.582	33
84.607	33
84.631	33
84.654	33
84.679	33
84.703	33
84.728	33
84.752	33
84.775	33
84.799	33
84.824	33
84.848	33
84.872	33
84.898	33
84.919	33
84.942	33
84.967	33
84.991	33
85.014	33
85.039	33
85.062	33
85.087	33
85.111	33
85.134	33
85.159	33
85.183	33
85.207	33
85.231	33
85.255	33
85.28	33
85.304	33
85.328	33
85.352	33
85.375	33
85.399	33
85.425	0
85.45	0
85.474	0
85.498	0
85.523	0
85.547	0
85.57	0
85.595	0
85.619	0
85.643	0
85.667	0
85.691	0
85.715	0
85.739	0
85.763	0
85.787	0
85.812	0
85.836	0
85.86	0
85.885	0
85.909	0
85.932	0
85.957	0
85.978	0
86.002	0
86.027	0
86.051	0
86.075	0
86.099	0
86.123	0
86.147	0
86.171	0
86.196	0
86.22	0
86.243	0
86.268	0
86.292	0
86.316	0
86.341	0
86.365	0
86.388	0
86.413	0
86.437	0
86.461	0
86.485	0
86.509	0
86.534	0
86.554	0
86.578	0
86.602	0
86.626	0
86.652	0
86.676	0
86.7	0
86.724	0
86.748	0
86.772	0
86.796	0
86.82	0
86.843	0
86.868	0
86.892	0
86.916	0
86.94	0
86.964	0
86.988	0
87.013	0
87.037	0
87.061	0
87.085	0
87.109	0
87.134	0
87.154	0
87.179	0
87.203	0
87.226	0
87.25	0
87.274	0
87.298	0
87.322	0
87.347	0
87.37	0
87.395	0
87.419	0
87.442	0
87.467	205
87.491	205
87.515	205
87.54	205
87.563	205
87.587	205
87.61	205
87.634	205
87.658	205
87.683	205
87.707	205
87.731	205
87.755	205
87.779	205
87.803	205
87.826	205
87.851	205
87.875	205
87.899	205
87.923	205
87.947	205
87.971	205
87.995	205
88.02	205
88.044	205
88.068	205
88.092	205
88.116	205
88.14	205
88.164	205
88.189	205
88.214	205
88.239	205
88.262	205
88.286	205
88.31	205
88.334	205
88.358	205
88.383	205
88.408	205
88.431	205
88.456	205
88.48	205
88.504	237
88.527	237
88.551	237
88.576	237
88.601	237
88.624	237
88.648	237
88.67	237
88.694	237
88.718	237
88.743	237
88.767	237
88.791	237
88.814	237
88.838	237
88.862	237
88.886	237
88.91	237
88.936	237
88.96	237
88.985	237
89.034	237
89.035	237
89.054	237
89.079	237
89.103	237
89.127	237
89.152	237
89.176	237
89.2	237
89.224	237
89.248	237
89.272	237
89.296	237
89.319	237
89.343	237
89.367	237
89.391	237
89.415	237
89.439	237
89.462	237
89.486	237
89.51	236
89.534	236
89.558	236
89.582	236
89.607	236
89.631	236
89.654	236
89.679	236
89.703	236
89.726	236
89.751	236
89.774	236
89.799	236
89.824	236
89.847	236
89.871	236
89.895	236
89.919	236
89.943	236
89.968	236
89.992	236
90.016	236
90.04	236
90.064	236
90.088	236
90.113	236
90.137	236
90.161	236
90.185	236
90.209	236
90.234	236
90.254	236
90.279	236
90.303	236
90.326	236
90.351	236
90.375	236
90.399	236
90.423	236
90.446	236
90.471	236
90.495	236
90.519	236
90.543	237
90.568	237
90.591	237
90.615	237
90.64	237
90.664	237
90.688	237
90.712	237
90.736	237
90.76	237
90.785	237
90.81	237
90.835	237
90.859	237
90.882	237
90.906	237
90.93	237
90.954	237
90.979	237
91.003	237
91.026	237
91.051	237
91.075	237
91.099	237
91.123	237
91.147	237
91.171	237
91.195	237
91.219	237
91.243	237
91.268	237
91.291	237
91.316	237
91.341	237
91.365	237
91.388	237
91.412	237
91.436	237
91.46	237
91.485	237
91.506	237
91.53	237
91.554	0
91.579	0
91.603	0
91.627	0
91.652	0
91.675	0
91.699	0
91.724	0
91.748	0
91.772	0
91.796	0
91.82	0
91.844	0
91.868	0
91.891	0
91.915	0
91.94	0
91.963	0
91.988	0
92.013	0
92.036	0
92.06	0
92.085	0
92.109	0
92.134	0
92.154	0
92.179	0
92.203	0
92.227	0
92.252	0
92.276	0
92.301	0
92.325	0
92.349	0
92.37	0
92.394	0
92.419	0
92.443	0
92.468	0
92.491	0
92.515	0
92.539	0
92.563	0
92.587	230
92.61	230
92.634	230
92.659	230
92.683	230
92.706	230
92.73	230
92.754	230
92.779	230
92.803	230
92.827	230
92.851	230
92.876	230
92.9	230
92.924	230
92.948	230
92.973	230
92.996	230
93.02	230
93.042	230
93.067	230
93.091	230
93.115	230
93.14	230
93.164	230
93.188	230
93.213	230
93.237	230
93.261	230
93.282	230
93.307	230
93.33	230
93.354	230
93.379	230
93.403	230
93.427	230
93.451	230
93.476	230
93.502	230
93.526	230
93.551	230
93.575	230
93.599	230
93.623	250
93.647	250
93.671	250
93.695	250
93.719	250
93.743	250
93.768	250
93.793	250
93.817	250
93.84	250
93.864	250
93.888	250
93.912	250
93.936	250
93.96	250
93.985	250
94.009	250
94.033	250
94.057	250
94.082	250
94.102	250
94.126	250
94.15	250
94.174	250
94.198	250
94.222	250
94.247	250
94.272	250
94.296	250
94.32	250
94.345	250
94.369	250
94.393	250
94.414	250
94.439	250
94.463	250
94.486	250
94.512	250
94.536	250
94.559	250
94.584	250
94.608	250
94.632	0
94.657	0
94.681	0
94.704	0
94.729	0
94.753	0
94.777	0
94.801	0
94.825	0
94.849	0
94.873	0
94.897	0
94.921	0
94.942	0
94.967	0
94.992	0
95.015	0